{
  "project_info": {
    "project_number": "516813855632",
    "firebase_url": "https://solar-dryer-automation-default-rtdb.asia-southeast1.firebasedatabase.app",
    "project_id": "solar-dryer-automation",
    "storage_bucket": "solar-dryer-automation.appspot.com"
  },
  "client": [
    {
      "client_info": {
        "mobilesdk_app_id": "1:516813855632:android:82996b1dcf6560fe09b115",
        "android_client_info": {
          "package_name": "com.example.one"
        }
      },
      "oauth_client": [
        {
          "client_id": "516813855632-uo4n9rpbhb7c9k4058o7i69rcckchfuc.apps.googleusercontent.com",
          "client_type": 3
        }
      ],
      "api_key": [
        {
          "current_key": "AIzaSyAr4tPWejjMaHESdkro8XUus3Sa55oRb6Q"
        }
      ],
      "services": {
        "appinvite_service": {
          "other_platform_oauth_client": [
            {
              "client_id": "516813855632-uo4n9rpbhb7c9k4058o7i69rcckchfuc.apps.googleusercontent.com",
              "client_type": 3
            }
          ]
        }
      }
    }
  ],
  "configuration_version": "1"
}